{
"meta":{"test_sets":[],"test_metrics":[],"learn_metrics":[{"best_value":"Min","name":"RMSE"}],"launch_mode":"Train","parameters":"","iteration_count":600,"learn_sets":["learn"],"name":"experiment"},
"iterations":[
{"learn":[3889.896127],"iteration":0,"passed_time":0.02801090516,"remaining_time":16.77853219},
{"learn":[3746.484839],"iteration":1,"passed_time":0.05204111376,"remaining_time":15.56029301},
{"learn":[3608.259249],"iteration":2,"passed_time":0.07699551918,"remaining_time":15.32210832},
{"learn":[3478.147564],"iteration":3,"passed_time":0.09954955308,"remaining_time":14.83288341},
{"learn":[3353.500591],"iteration":4,"passed_time":0.121892461,"remaining_time":14.50520286},
{"learn":[3230.962455],"iteration":5,"passed_time":0.1468431976,"remaining_time":14.53747657},
{"learn":[3114.579491],"iteration":6,"passed_time":0.1692627946,"remaining_time":14.33897674},
{"learn":[3002.244421],"iteration":7,"passed_time":0.1915546802,"remaining_time":14.17504634},
{"learn":[2894.797708],"iteration":8,"passed_time":0.2126360229,"remaining_time":13.96309884},
{"learn":[2789.903521],"iteration":9,"passed_time":0.2335526704,"remaining_time":13.77960755},
{"learn":[2692.597993],"iteration":10,"passed_time":0.2552950137,"remaining_time":13.66988755},
{"learn":[2597.126838],"iteration":11,"passed_time":0.2770593591,"remaining_time":13.57590859},
{"learn":[2506.46248],"iteration":12,"passed_time":0.298320523,"remaining_time":13.470319},
{"learn":[2418.605952],"iteration":13,"passed_time":0.3212274787,"remaining_time":13.44566446},
{"learn":[2336.658796],"iteration":14,"passed_time":0.3443018257,"remaining_time":13.4277712},
{"learn":[2257.847584],"iteration":15,"passed_time":0.36546531,"remaining_time":13.33948381},
{"learn":[2179.895257],"iteration":16,"passed_time":0.3886642859,"remaining_time":13.32889875},
{"learn":[2104.961127],"iteration":17,"passed_time":0.4111070329,"remaining_time":13.29246073},
{"learn":[2033.570172],"iteration":18,"passed_time":0.4315987019,"remaining_time":13.19783399},
{"learn":[1966.073312],"iteration":19,"passed_time":0.4551390814,"remaining_time":13.19903336},
{"learn":[1902.362378],"iteration":20,"passed_time":0.4762016391,"remaining_time":13.12955948},
{"learn":[1840.970722],"iteration":21,"passed_time":0.498673937,"remaining_time":13.10152434},
{"learn":[1781.010137],"iteration":22,"passed_time":0.5215534818,"remaining_time":13.08418952},
{"learn":[1725.339995],"iteration":23,"passed_time":0.5446313224,"remaining_time":13.07115174},
{"learn":[1672.453241],"iteration":24,"passed_time":0.56427615,"remaining_time":12.97835145},
{"learn":[1620.698018],"iteration":25,"passed_time":0.5882370178,"remaining_time":12.98646339},
{"learn":[1570.108363],"iteration":26,"passed_time":0.6086727724,"remaining_time":12.91738884},
{"learn":[1523.214375],"iteration":27,"passed_time":0.6289604021,"remaining_time":12.8487625},
{"learn":[1477.039317],"iteration":28,"passed_time":0.6492210468,"remaining_time":12.78293854},
{"learn":[1433.148691],"iteration":29,"passed_time":0.6674840913,"remaining_time":12.68219774},
{"learn":[1390.483714],"iteration":30,"passed_time":0.68973354,"remaining_time":12.65994788},
{"learn":[1351.963644],"iteration":31,"passed_time":0.7122312643,"remaining_time":12.64210494},
{"learn":[1313.704754],"iteration":32,"passed_time":0.7375458283,"remaining_time":12.67237832},
{"learn":[1278.530445],"iteration":33,"passed_time":0.762587999,"remaining_time":12.69484728},
{"learn":[1244.816616],"iteration":34,"passed_time":0.7863260922,"remaining_time":12.69354977},
{"learn":[1212.5363],"iteration":35,"passed_time":0.8111258669,"remaining_time":12.70763858},
{"learn":[1181.256103],"iteration":36,"passed_time":0.8393452416,"remaining_time":12.77165868},
{"learn":[1150.976215],"iteration":37,"passed_time":0.8623536202,"remaining_time":12.75375617},
{"learn":[1122.127072],"iteration":38,"passed_time":0.8840772331,"remaining_time":12.71711097},
{"learn":[1095.058017],"iteration":39,"passed_time":0.9070921825,"remaining_time":12.69929056},
{"learn":[1069.045585],"iteration":40,"passed_time":0.9293616392,"remaining_time":12.67105259},
{"learn":[1044.562745],"iteration":41,"passed_time":0.9519032132,"remaining_time":12.64671412},
{"learn":[1021.236982],"iteration":42,"passed_time":0.9736164212,"remaining_time":12.61172899},
{"learn":[999.0341521],"iteration":43,"passed_time":0.995614227,"remaining_time":12.58094341},
{"learn":[978.1810767],"iteration":44,"passed_time":1.01858042,"remaining_time":12.56249184},
{"learn":[958.1520316],"iteration":45,"passed_time":1.040509485,"remaining_time":12.53135337},
{"learn":[938.597146],"iteration":46,"passed_time":1.058201245,"remaining_time":12.45075082},
{"learn":[921.037508],"iteration":47,"passed_time":1.079097875,"remaining_time":12.40962556},
{"learn":[904.1156417],"iteration":48,"passed_time":1.101686742,"remaining_time":12.388355},
{"learn":[887.4340782],"iteration":49,"passed_time":1.124454228,"remaining_time":12.36899651},
{"learn":[872.5969161],"iteration":50,"passed_time":1.147418356,"remaining_time":12.35162113},
{"learn":[858.4569616],"iteration":51,"passed_time":1.168405653,"remaining_time":12.31319803},
{"learn":[844.4711862],"iteration":52,"passed_time":1.190384949,"remaining_time":12.28567108},
{"learn":[831.370897],"iteration":53,"passed_time":1.210827039,"remaining_time":12.24280673},
{"learn":[819.0606238],"iteration":54,"passed_time":1.233142973,"remaining_time":12.21932582},
{"learn":[807.424814],"iteration":55,"passed_time":1.25491898,"remaining_time":12.19064152},
{"learn":[796.9148441],"iteration":56,"passed_time":1.275988334,"remaining_time":12.15546782},
{"learn":[786.2574331],"iteration":57,"passed_time":1.298939737,"remaining_time":12.13836788},
{"learn":[775.7337542],"iteration":58,"passed_time":1.32042592,"remaining_time":12.10763429},
{"learn":[766.5308468],"iteration":59,"passed_time":1.341437997,"remaining_time":12.07294197},
{"learn":[757.6523584],"iteration":60,"passed_time":1.363457163,"remaining_time":12.0475969},
{"learn":[749.1177905],"iteration":61,"passed_time":1.384044652,"remaining_time":12.00993585},
{"learn":[741.3582996],"iteration":62,"passed_time":1.405039277,"remaining_time":11.97628717},
{"learn":[734.0789697],"iteration":63,"passed_time":1.427173645,"remaining_time":11.95257928},
{"learn":[726.5108674],"iteration":64,"passed_time":1.450131046,"remaining_time":11.935694},
{"learn":[719.4677893],"iteration":65,"passed_time":1.470352487,"remaining_time":11.8964883},
{"learn":[713.2683763],"iteration":66,"passed_time":1.491386691,"remaining_time":11.86431502},
{"learn":[707.2878805],"iteration":67,"passed_time":1.514030265,"remaining_time":11.84506031},
{"learn":[701.5688956],"iteration":68,"passed_time":1.532406236,"remaining_time":11.79286538},
{"learn":[695.9969865],"iteration":69,"passed_time":1.548569024,"remaining_time":11.72487975},
{"learn":[690.8140358],"iteration":70,"passed_time":1.566492509,"remaining_time":11.67147236},
{"learn":[685.8436122],"iteration":71,"passed_time":1.588392625,"remaining_time":11.64821259},
{"learn":[681.1948378],"iteration":72,"passed_time":1.608800127,"remaining_time":11.61421462},
{"learn":[676.8989931],"iteration":73,"passed_time":1.63079271,"remaining_time":11.59185088},
{"learn":[672.6121268],"iteration":74,"passed_time":1.651074576,"remaining_time":11.55752203},
{"learn":[668.4938213],"iteration":75,"passed_time":1.67221501,"remaining_time":11.52948244},
{"learn":[664.7594485],"iteration":76,"passed_time":1.694159758,"remaining_time":11.50708511},
{"learn":[661.5063812],"iteration":77,"passed_time":1.714662899,"remaining_time":11.47505171},
{"learn":[657.8947195],"iteration":78,"passed_time":1.73475716,"remaining_time":11.44061368},
{"learn":[654.7299126],"iteration":79,"passed_time":1.757374771,"remaining_time":11.42293601},
{"learn":[651.5331677],"iteration":80,"passed_time":1.777688208,"remaining_time":11.39037259},
{"learn":[648.815663],"iteration":81,"passed_time":1.798892776,"remaining_time":11.36373729},
{"learn":[646.0766052],"iteration":82,"passed_time":1.820981815,"remaining_time":11.34274215},
{"learn":[643.3569782],"iteration":83,"passed_time":1.841734164,"remaining_time":11.31350986},
{"learn":[640.8671572],"iteration":84,"passed_time":1.862117994,"remaining_time":11.28224432},
{"learn":[638.5401781],"iteration":85,"passed_time":1.881164437,"remaining_time":11.24323861},
{"learn":[636.297739],"iteration":86,"passed_time":1.897894451,"remaining_time":11.19103279},
{"learn":[634.1834047],"iteration":87,"passed_time":1.914619768,"remaining_time":11.13960592},
{"learn":[632.156919],"iteration":88,"passed_time":1.93108872,"remaining_time":11.08748692},
{"learn":[630.0304366],"iteration":89,"passed_time":1.951070245,"remaining_time":11.05606472},
{"learn":[628.0709234],"iteration":90,"passed_time":1.971986226,"remaining_time":11.03012076},
{"learn":[626.2945686],"iteration":91,"passed_time":1.993673217,"remaining_time":11.00854341},
{"learn":[624.445084],"iteration":92,"passed_time":2.011763486,"remaining_time":10.96735578},
{"learn":[622.7607183],"iteration":93,"passed_time":2.031250611,"remaining_time":10.93417882},
{"learn":[621.1539758],"iteration":94,"passed_time":2.050158768,"remaining_time":10.8982124},
{"learn":[619.7190439],"iteration":95,"passed_time":2.069252445,"remaining_time":10.86357533},
{"learn":[618.3964367],"iteration":96,"passed_time":2.090832844,"remaining_time":10.84215382},
{"learn":[617.0939494],"iteration":97,"passed_time":2.113297945,"remaining_time":10.8252609},
{"learn":[615.6622842],"iteration":98,"passed_time":2.138659697,"remaining_time":10.82291422},
{"learn":[614.4900492],"iteration":99,"passed_time":2.163039454,"remaining_time":10.81519727},
{"learn":[613.0543636],"iteration":100,"passed_time":2.182587891,"remaining_time":10.78328077},
{"learn":[611.7402508],"iteration":101,"passed_time":2.201119208,"remaining_time":10.74664084},
{"learn":[610.5941792],"iteration":102,"passed_time":2.220111507,"remaining_time":10.71257688},
{"learn":[609.6414485],"iteration":103,"passed_time":2.240212594,"remaining_time":10.68409083},
{"learn":[608.5463159],"iteration":104,"passed_time":2.257533424,"remaining_time":10.64265757},
{"learn":[607.5857706],"iteration":105,"passed_time":2.277952814,"remaining_time":10.61611972},
{"learn":[606.6355977],"iteration":106,"passed_time":2.297895892,"remaining_time":10.58750164},
{"learn":[605.7909457],"iteration":107,"passed_time":2.317355311,"remaining_time":10.55684086},
{"learn":[604.9189558],"iteration":108,"passed_time":2.338418961,"remaining_time":10.53361202},
{"learn":[604.0136374],"iteration":109,"passed_time":2.357122572,"remaining_time":10.49990964},
{"learn":[603.1911202],"iteration":110,"passed_time":2.374451988,"remaining_time":10.46042362},
{"learn":[602.4086151],"iteration":111,"passed_time":2.395630388,"remaining_time":10.43810383},
{"learn":[601.6921849],"iteration":112,"passed_time":2.415042493,"remaining_time":10.40819198},
{"learn":[601.0261498],"iteration":113,"passed_time":2.436546655,"remaining_time":10.38738311},
{"learn":[600.2466041],"iteration":114,"passed_time":2.456174587,"remaining_time":10.35864935},
{"learn":[599.6107051],"iteration":115,"passed_time":2.475316459,"remaining_time":10.32804454},
{"learn":[598.9943032],"iteration":116,"passed_time":2.496172271,"remaining_time":10.30471117},
{"learn":[598.3355718],"iteration":117,"passed_time":2.51778176,"remaining_time":10.28449838},
{"learn":[597.6638027],"iteration":118,"passed_time":2.536570014,"remaining_time":10.25285863},
{"learn":[597.013673],"iteration":119,"passed_time":2.557407452,"remaining_time":10.22962981},
{"learn":[596.488012],"iteration":120,"passed_time":2.57691474,"remaining_time":10.20117488},
{"learn":[595.9462388],"iteration":121,"passed_time":2.596547459,"remaining_time":10.17335808},
{"learn":[595.2672432],"iteration":122,"passed_time":2.615817368,"remaining_time":10.14426735},
{"learn":[594.7572502],"iteration":123,"passed_time":2.633604782,"remaining_time":10.10964416},
{"learn":[594.259635],"iteration":124,"passed_time":2.650746146,"remaining_time":10.07283536},
{"learn":[593.7828652],"iteration":125,"passed_time":2.668619667,"remaining_time":10.03909303},
{"learn":[593.2637554],"iteration":126,"passed_time":2.687865803,"remaining_time":10.0107128},
{"learn":[592.8080264],"iteration":127,"passed_time":2.706891161,"remaining_time":9.981661157},
{"learn":[592.3395233],"iteration":128,"passed_time":2.725333441,"remaining_time":9.95063605},
{"learn":[591.9796356],"iteration":129,"passed_time":2.743199277,"remaining_time":9.917720464},
{"learn":[591.5674731],"iteration":130,"passed_time":2.761021314,"remaining_time":9.884877835},
{"learn":[591.2824347],"iteration":131,"passed_time":2.779643139,"remaining_time":9.855098404},
{"learn":[590.9414197],"iteration":132,"passed_time":2.798274778,"remaining_time":9.825521211},
{"learn":[590.5863163],"iteration":133,"passed_time":2.817039696,"remaining_time":9.796570881},
{"learn":[590.2581792],"iteration":134,"passed_time":2.836155064,"remaining_time":9.768978553},
{"learn":[589.9882022],"iteration":135,"passed_time":2.85372016,"remaining_time":9.736221721},
{"learn":[589.6808976],"iteration":136,"passed_time":2.87364344,"remaining_time":9.711656299},
{"learn":[589.303092],"iteration":137,"passed_time":2.891721602,"remaining_time":9.680981015},
{"learn":[588.9990877],"iteration":138,"passed_time":2.910088635,"remaining_time":9.651445043},
{"learn":[588.6735337],"iteration":139,"passed_time":2.929788205,"remaining_time":9.626446958},
{"learn":[588.4512895],"iteration":140,"passed_time":2.949375826,"remaining_time":9.601159603},
{"learn":[588.2171376],"iteration":141,"passed_time":2.969440881,"remaining_time":9.57749242},
{"learn":[587.9672164],"iteration":142,"passed_time":2.987275443,"remaining_time":9.546747396},
{"learn":[587.5952964],"iteration":143,"passed_time":3.00533737,"remaining_time":9.516901673},
{"learn":[587.3304254],"iteration":144,"passed_time":3.022286675,"remaining_time":9.483727153},
{"learn":[587.1125215],"iteration":145,"passed_time":3.040084419,"remaining_time":9.453413192},
{"learn":[586.7993015],"iteration":146,"passed_time":3.058753015,"remaining_time":9.42595317},
{"learn":[586.4999936],"iteration":147,"passed_time":3.077418079,"remaining_time":9.39860116},
{"learn":[586.2635877],"iteration":148,"passed_time":3.09572156,"remaining_time":9.3702713},
{"learn":[585.9346542],"iteration":149,"passed_time":3.11181397,"remaining_time":9.335441909},
{"learn":[585.6854075],"iteration":150,"passed_time":3.129490382,"remaining_time":9.305570739},
{"learn":[585.4246752],"iteration":151,"passed_time":3.145419244,"remaining_time":9.270709352},
{"learn":[585.1488431],"iteration":152,"passed_time":3.164197264,"remaining_time":9.244419458},
{"learn":[584.8740704],"iteration":153,"passed_time":3.183592022,"remaining_time":9.220013259},
{"learn":[584.682374],"iteration":154,"passed_time":3.200896328,"remaining_time":9.189670102},
{"learn":[584.508431],"iteration":155,"passed_time":3.217848414,"remaining_time":9.15849164},
{"learn":[584.3396268],"iteration":156,"passed_time":3.236624553,"remaining_time":9.132641256},
{"learn":[584.1415323],"iteration":157,"passed_time":3.254877123,"remaining_time":9.105415748},
{"learn":[583.8883736],"iteration":158,"passed_time":3.272754758,"remaining_time":9.077263197},
{"learn":[583.5916741],"iteration":159,"passed_time":3.29198448,"remaining_time":9.052957321},
{"learn":[583.3506881],"iteration":160,"passed_time":3.306824948,"remaining_time":9.016746286},
{"learn":[583.0953672],"iteration":161,"passed_time":3.326182527,"remaining_time":8.993012018},
{"learn":[582.8888643],"iteration":162,"passed_time":3.343359266,"remaining_time":8.963484659},
{"learn":[582.5945821],"iteration":163,"passed_time":3.361109562,"remaining_time":8.935632737},
{"learn":[582.4625229],"iteration":164,"passed_time":3.377518429,"remaining_time":8.904366768},
{"learn":[582.2379948],"iteration":165,"passed_time":3.395599137,"remaining_time":8.877650755},
{"learn":[582.0945592],"iteration":166,"passed_time":3.414453339,"remaining_time":8.853043687},
{"learn":[581.9515895],"iteration":167,"passed_time":3.431532825,"remaining_time":8.82394155},
{"learn":[581.7283772],"iteration":168,"passed_time":3.448338495,"remaining_time":8.79428338},
{"learn":[581.5829539],"iteration":169,"passed_time":3.466025197,"remaining_time":8.767004911},
{"learn":[581.4472681],"iteration":170,"passed_time":3.485010263,"remaining_time":8.743095923},
{"learn":[581.1150578],"iteration":171,"passed_time":3.501371126,"remaining_time":8.712714198},
{"learn":[580.9833743],"iteration":172,"passed_time":3.520242089,"remaining_time":8.688690011},
{"learn":[580.8346224],"iteration":173,"passed_time":3.539848765,"remaining_time":8.666526287},
{"learn":[580.7197083],"iteration":174,"passed_time":3.556837253,"remaining_time":8.63803333},
{"learn":[580.4432732],"iteration":175,"passed_time":3.57340826,"remaining_time":8.608665354},
{"learn":[580.2202096],"iteration":176,"passed_time":3.590670455,"remaining_time":8.581093799},
{"learn":[580.0918346],"iteration":177,"passed_time":3.609145067,"remaining_time":8.556512461},
{"learn":[579.9357526],"iteration":178,"passed_time":3.625740748,"remaining_time":8.527580194},
{"learn":[579.8048617],"iteration":179,"passed_time":3.641254484,"remaining_time":8.496260463},
{"learn":[579.6739369],"iteration":180,"passed_time":3.659577367,"remaining_time":8.471618326},
{"learn":[579.5228117],"iteration":181,"passed_time":3.677442778,"remaining_time":8.445994953},
{"learn":[579.388059],"iteration":182,"passed_time":3.695132002,"remaining_time":8.420054889},
{"learn":[579.2118107],"iteration":183,"passed_time":3.712077376,"remaining_time":8.392522764},
{"learn":[579.0731191],"iteration":184,"passed_time":3.730444506,"remaining_time":8.368294432},
{"learn":[578.9557271],"iteration":185,"passed_time":3.749580719,"remaining_time":8.345840955},
{"learn":[578.8210537],"iteration":186,"passed_time":3.765257121,"remaining_time":8.315781769},
{"learn":[578.6661047],"iteration":187,"passed_time":3.781947474,"remaining_time":8.288097655},
{"learn":[578.5738839],"iteration":188,"passed_time":3.79920411,"remaining_time":8.261761319},
{"learn":[578.4459284],"iteration":189,"passed_time":3.814403693,"remaining_time":8.231081654},
{"learn":[578.2918308],"iteration":190,"passed_time":3.829751798,"remaining_time":8.200882122},
{"learn":[578.19941],"iteration":191,"passed_time":3.846934883,"remaining_time":8.174736625},
{"learn":[578.0986291],"iteration":192,"passed_time":3.866386979,"remaining_time":8.153468914},
{"learn":[578.0197287],"iteration":193,"passed_time":3.88536182,"remaining_time":8.131221129},
{"learn":[577.8753843],"iteration":194,"passed_time":3.901559281,"remaining_time":8.103238507},
{"learn":[577.8080022],"iteration":195,"passed_time":3.92110009,"remaining_time":8.082267532},
{"learn":[577.710148],"iteration":196,"passed_time":3.936436742,"remaining_time":8.052710695},
{"learn":[577.6237515],"iteration":197,"passed_time":3.955650947,"remaining_time":8.031170105},
{"learn":[577.4645107],"iteration":198,"passed_time":3.972726053,"remaining_time":8.005342448},
{"learn":[577.3615759],"iteration":199,"passed_time":3.991394284,"remaining_time":7.982788568},
{"learn":[577.1764013],"iteration":200,"passed_time":4.006853886,"remaining_time":7.953903982},
{"learn":[576.9874474],"iteration":201,"passed_time":4.022353724,"remaining_time":7.925231595},
{"learn":[576.8524318],"iteration":202,"passed_time":4.039777185,"remaining_time":7.900450949},
{"learn":[576.7274857],"iteration":203,"passed_time":4.055894585,"remaining_time":7.873207135},
{"learn":[576.5855625],"iteration":204,"passed_time":4.07460634,"remaining_time":7.851070753},
{"learn":[576.4651075],"iteration":205,"passed_time":4.093763885,"remaining_time":7.829820245},
{"learn":[576.3582478],"iteration":206,"passed_time":4.113058864,"remaining_time":7.808850886},
{"learn":[576.2370629],"iteration":207,"passed_time":4.131803944,"remaining_time":7.78686128},
{"learn":[576.1644645],"iteration":208,"passed_time":4.150841376,"remaining_time":7.765449655},
{"learn":[576.0880031],"iteration":209,"passed_time":4.169152385,"remaining_time":7.742711572},
{"learn":[576.0332971],"iteration":210,"passed_time":4.187692464,"remaining_time":7.720437765},
{"learn":[575.9354233],"iteration":211,"passed_time":4.204618863,"remaining_time":7.695245844},
{"learn":[575.8383667],"iteration":212,"passed_time":4.220099796,"remaining_time":7.667505264},
{"learn":[575.7518334],"iteration":213,"passed_time":4.23871298,"remaining_time":7.64552902},
{"learn":[575.6532795],"iteration":214,"passed_time":4.254231954,"remaining_time":7.618043267},
{"learn":[575.5848936],"iteration":215,"passed_time":4.272553349,"remaining_time":7.595650398},
{"learn":[575.404856],"iteration":216,"passed_time":4.289208037,"remaining_time":7.570353355},
{"learn":[575.3252863],"iteration":217,"passed_time":4.306798007,"remaining_time":7.546774489},
{"learn":[575.2265798],"iteration":218,"passed_time":4.325057503,"remaining_time":7.524415108},
{"learn":[575.0669169],"iteration":219,"passed_time":4.340607883,"remaining_time":7.497413615},
{"learn":[574.9494338],"iteration":220,"passed_time":4.357536417,"remaining_time":7.472879195},
{"learn":[574.7843243],"iteration":221,"passed_time":4.374207183,"remaining_time":7.447974393},
{"learn":[574.6463375],"iteration":222,"passed_time":4.393250549,"remaining_time":7.427154515},
{"learn":[574.5582707],"iteration":223,"passed_time":4.412713862,"remaining_time":7.407055411},
{"learn":[574.3996721],"iteration":224,"passed_time":4.429869421,"remaining_time":7.383115701},
{"learn":[574.334618],"iteration":225,"passed_time":4.450303511,"remaining_time":7.364661563},
{"learn":[574.2853068],"iteration":226,"passed_time":4.46842653,"remaining_time":7.342392491},
{"learn":[574.1840772],"iteration":227,"passed_time":4.488684809,"remaining_time":7.323643635},
{"learn":[574.1113625],"iteration":228,"passed_time":4.506259563,"remaining_time":7.300534051},
{"learn":[574.047721],"iteration":229,"passed_time":4.525161269,"remaining_time":7.279607258},
{"learn":[573.9668388],"iteration":230,"passed_time":4.544133809,"remaining_time":7.25881115},
{"learn":[573.8727277],"iteration":231,"passed_time":4.559384796,"remaining_time":7.232127607},
{"learn":[573.7715135],"iteration":232,"passed_time":4.575586448,"remaining_time":7.207039598},
{"learn":[573.6920191],"iteration":233,"passed_time":4.595142152,"remaining_time":7.187273622},
{"learn":[573.603005],"iteration":234,"passed_time":4.611510463,"remaining_time":7.162558804},
{"learn":[573.529722],"iteration":235,"passed_time":4.629151886,"remaining_time":7.139878333},
{"learn":[573.4071025],"iteration":236,"passed_time":4.649064928,"remaining_time":7.120719699},
{"learn":[573.3368179],"iteration":237,"passed_time":4.666235662,"remaining_time":7.097383655},
{"learn":[573.2647268],"iteration":238,"passed_time":4.686127824,"remaining_time":7.078209809},
{"learn":[573.1983507],"iteration":239,"passed_time":4.702017266,"remaining_time":7.0530259},
{"learn":[573.1268702],"iteration":240,"passed_time":4.718582925,"remaining_time":7.028926433},
{"learn":[573.0713456],"iteration":241,"passed_time":4.736586984,"remaining_time":7.007017108},
{"learn":[573.0190277],"iteration":242,"passed_time":4.755620295,"remaining_time":6.986652039},
{"learn":[572.9347129],"iteration":243,"passed_time":4.77412536,"remaining_time":6.965527165},
{"learn":[572.8594505],"iteration":244,"passed_time":4.794253427,"remaining_time":6.946775374},
{"learn":[572.8001595],"iteration":245,"passed_time":4.81157106,"remaining_time":6.923968111},
{"learn":[572.7465357],"iteration":246,"passed_time":4.83093975,"remaining_time":6.904136566},
{"learn":[572.6537661],"iteration":247,"passed_time":4.849545727,"remaining_time":6.883226194},
{"learn":[572.5911506],"iteration":248,"passed_time":4.865929826,"remaining_time":6.859202285},
{"learn":[572.5387443],"iteration":249,"passed_time":4.884973848,"remaining_time":6.838963388},
{"learn":[572.470179],"iteration":250,"passed_time":4.903075581,"remaining_time":6.817423815},
{"learn":[572.4111734],"iteration":251,"passed_time":4.923316022,"remaining_time":6.798864983},
{"learn":[572.3322854],"iteration":252,"passed_time":4.941036796,"remaining_time":6.776837029},
{"learn":[572.249312],"iteration":253,"passed_time":4.960289484,"remaining_time":6.756929769},
{"learn":[572.2182848],"iteration":254,"passed_time":4.98046544,"remaining_time":6.738276772},
{"learn":[572.1169932],"iteration":255,"passed_time":4.99573862,"remaining_time":6.713023771},
{"learn":[572.0672913],"iteration":256,"passed_time":5.012940781,"remaining_time":6.69042291},
{"learn":[572.023633],"iteration":257,"passed_time":5.028275874,"remaining_time":6.665388949},
{"learn":[571.9547966],"iteration":258,"passed_time":5.044066209,"remaining_time":6.641029255},
{"learn":[571.8637464],"iteration":259,"passed_time":5.060838228,"remaining_time":6.618019221},
{"learn":[571.7539367],"iteration":260,"passed_time":5.078819783,"remaining_time":6.596627993},
{"learn":[571.6783161],"iteration":261,"passed_time":5.097343196,"remaining_time":6.575961833},
{"learn":[571.5687293],"iteration":262,"passed_time":5.11644206,"remaining_time":6.556049331},
{"learn":[571.4765145],"iteration":263,"passed_time":5.138499729,"remaining_time":6.539908746},
{"learn":[571.4139837],"iteration":264,"passed_time":5.157343316,"remaining_time":6.519660418},
{"learn":[571.360572],"iteration":265,"passed_time":5.176399572,"remaining_time":6.499689688},
{"learn":[571.2837911],"iteration":266,"passed_time":5.206471384,"remaining_time":6.49346431},
{"learn":[571.1668311],"iteration":267,"passed_time":5.232394061,"remaining_time":6.481921},
{"learn":[571.1218488],"iteration":268,"passed_time":5.254995789,"remaining_time":6.46618441},
{"learn":[571.0674768],"iteration":269,"passed_time":5.277790179,"remaining_time":6.450632442},
{"learn":[571.0021238],"iteration":270,"passed_time":5.295095061,"remaining_time":6.428362639},
{"learn":[570.9314642],"iteration":271,"passed_time":5.317028793,"remaining_time":6.411711192},
{"learn":[570.8882658],"iteration":272,"passed_time":5.33906061,"remaining_time":6.395138533},
{"learn":[570.8236604],"iteration":273,"passed_time":5.355916645,"remaining_time":6.37236798},
{"learn":[570.732996],"iteration":274,"passed_time":5.374097368,"remaining_time":6.35120598},
{"learn":[570.6405174],"iteration":275,"passed_time":5.392284545,"remaining_time":6.330073162},
{"learn":[570.5997095],"iteration":276,"passed_time":5.408814208,"remaining_time":6.307028842},
{"learn":[570.5359828],"iteration":277,"passed_time":5.422640288,"remaining_time":6.280899902},
{"learn":[570.4557591],"iteration":278,"passed_time":5.439001512,"remaining_time":6.257775933},
{"learn":[570.3545602],"iteration":279,"passed_time":5.456614648,"remaining_time":6.236131026},
{"learn":[570.2941963],"iteration":280,"passed_time":5.475750315,"remaining_time":6.21624324},
{"learn":[570.2547856],"iteration":281,"passed_time":5.495195238,"remaining_time":6.196709524},
{"learn":[570.2088422],"iteration":282,"passed_time":5.513266232,"remaining_time":6.175637441},
{"learn":[570.1795024],"iteration":283,"passed_time":5.533541347,"remaining_time":6.157038964},
{"learn":[570.1266549],"iteration":284,"passed_time":5.554979761,"remaining_time":6.139714472},
{"learn":[570.0574814],"iteration":285,"passed_time":5.572625259,"remaining_time":6.118196963},
{"learn":[569.992202],"iteration":286,"passed_time":5.590756548,"remaining_time":6.097236235},
{"learn":[569.9449442],"iteration":287,"passed_time":5.61028412,"remaining_time":6.077807796},
{"learn":[569.8861055],"iteration":288,"passed_time":5.62828899,"remaining_time":6.056740055},
{"learn":[569.7763267],"iteration":289,"passed_time":5.64623341,"remaining_time":6.035628818},
{"learn":[569.7068424],"iteration":290,"passed_time":5.665708682,"remaining_time":6.016164889},
{"learn":[569.6085796],"iteration":291,"passed_time":5.684278522,"remaining_time":5.995745838},
{"learn":[569.5629635],"iteration":292,"passed_time":5.703802736,"remaining_time":5.976339385},
{"learn":[569.5078977],"iteration":293,"passed_time":5.725762139,"remaining_time":5.959466716},
{"learn":[569.457559],"iteration":294,"passed_time":5.744197988,"remaining_time":5.938916564},
{"learn":[569.3476477],"iteration":295,"passed_time":5.766138952,"remaining_time":5.921980546},
{"learn":[569.3011409],"iteration":296,"passed_time":5.783916808,"remaining_time":5.900763613},
{"learn":[569.1964529],"iteration":297,"passed_time":5.800162611,"remaining_time":5.878017142},
{"learn":[569.1630738],"iteration":298,"passed_time":5.817094478,"remaining_time":5.856004809},
{"learn":[569.1113005],"iteration":299,"passed_time":5.837430393,"remaining_time":5.837430393},
{"learn":[569.0442466],"iteration":300,"passed_time":5.857086583,"remaining_time":5.818169064},
{"learn":[568.983755],"iteration":301,"passed_time":5.876340043,"remaining_time":5.798507724},
{"learn":[568.9050098],"iteration":302,"passed_time":5.895509646,"remaining_time":5.778766881},
{"learn":[568.8672442],"iteration":303,"passed_time":5.913183372,"remaining_time":5.757573283},
{"learn":[568.8170211],"iteration":304,"passed_time":5.931124285,"remaining_time":5.736661193},
{"learn":[568.7402999],"iteration":305,"passed_time":5.950537537,"remaining_time":5.717183124},
{"learn":[568.6835546],"iteration":306,"passed_time":5.969869229,"remaining_time":5.697627636},
{"learn":[568.6178313],"iteration":307,"passed_time":5.990004659,"remaining_time":5.678835586},
{"learn":[568.5276202],"iteration":308,"passed_time":6.009276768,"remaining_time":5.65922181},
{"learn":[568.4868035],"iteration":309,"passed_time":6.031292551,"remaining_time":5.642176903},
{"learn":[568.4187031],"iteration":310,"passed_time":6.049986329,"remaining_time":5.62201302},
{"learn":[568.3421968],"iteration":311,"passed_time":6.069312307,"remaining_time":5.602442129},
{"learn":[568.298655],"iteration":312,"passed_time":6.088072589,"remaining_time":5.5823541},
{"learn":[568.2800782],"iteration":313,"passed_time":6.107580469,"remaining_time":5.562955459},
{"learn":[568.2163329],"iteration":314,"passed_time":6.127655127,"remaining_time":5.544068925},
{"learn":[568.1676202],"iteration":315,"passed_time":6.146496579,"remaining_time":5.524066545},
{"learn":[568.0807451],"iteration":316,"passed_time":6.165052867,"remaining_time":5.503816913},
{"learn":[568.0114991],"iteration":317,"passed_time":6.183124988,"remaining_time":5.483148575},
{"learn":[567.9340278],"iteration":318,"passed_time":6.200202645,"remaining_time":5.461620512},
{"learn":[567.9020419],"iteration":319,"passed_time":6.217659236,"remaining_time":5.440451831},
{"learn":[567.85284],"iteration":320,"passed_time":6.236366992,"remaining_time":5.42039374},
{"learn":[567.8120792],"iteration":321,"passed_time":6.253313379,"remaining_time":5.398823352},
{"learn":[567.7535364],"iteration":322,"passed_time":6.274613431,"remaining_time":5.381015234},
{"learn":[567.7177125],"iteration":323,"passed_time":6.294981263,"remaining_time":5.362391446},
{"learn":[567.6509207],"iteration":324,"passed_time":6.312329955,"remaining_time":5.341202269},
{"learn":[567.6197742],"iteration":325,"passed_time":6.33124787,"remaining_time":5.321355571},
{"learn":[567.5589358],"iteration":326,"passed_time":6.348433661,"remaining_time":5.300068469},
{"learn":[567.510849],"iteration":327,"passed_time":6.366769124,"remaining_time":5.279759761},
{"learn":[567.4534834],"iteration":328,"passed_time":6.382401314,"remaining_time":5.257236341},
{"learn":[567.431907],"iteration":329,"passed_time":6.397226255,"remaining_time":5.234094208},
{"learn":[567.3717576],"iteration":330,"passed_time":6.413955857,"remaining_time":5.212550228},
{"learn":[567.3411095],"iteration":331,"passed_time":6.434546899,"remaining_time":5.194152316},
{"learn":[567.3017149],"iteration":332,"passed_time":6.457147405,"remaining_time":5.177352424},
{"learn":[567.2393616],"iteration":333,"passed_time":6.476489692,"remaining_time":5.157922928},
{"learn":[567.170742],"iteration":334,"passed_time":6.495237078,"remaining_time":5.13802336},
{"learn":[567.115958],"iteration":335,"passed_time":6.514963456,"remaining_time":5.118899859},
{"learn":[567.0861681],"iteration":336,"passed_time":6.538723001,"remaining_time":5.102920325},
{"learn":[567.0249529],"iteration":337,"passed_time":6.559814734,"remaining_time":5.084826806},
{"learn":[566.96673],"iteration":338,"passed_time":6.579791012,"remaining_time":5.065856797},
{"learn":[566.9189091],"iteration":339,"passed_time":6.598614255,"remaining_time":5.045999136},
{"learn":[566.8545242],"iteration":340,"passed_time":6.61882104,"remaining_time":5.027198385},
{"learn":[566.7923434],"iteration":341,"passed_time":6.639961134,"remaining_time":5.009093487},
{"learn":[566.757014],"iteration":342,"passed_time":6.659471489,"remaining_time":4.989749775},
{"learn":[566.6658676],"iteration":343,"passed_time":6.680042458,"remaining_time":4.971194388},
{"learn":[566.6218533],"iteration":344,"passed_time":6.702622881,"remaining_time":4.954112564},
{"learn":[566.5634944],"iteration":345,"passed_time":6.724256924,"remaining_time":4.936304216},
{"learn":[566.5217504],"iteration":346,"passed_time":6.745089395,"remaining_time":4.917889386},
{"learn":[566.4808607],"iteration":347,"passed_time":6.764492002,"remaining_time":4.898425243},
{"learn":[566.4064785],"iteration":348,"passed_time":6.784782268,"remaining_time":4.879599855},
{"learn":[566.3297793],"iteration":349,"passed_time":6.806299105,"remaining_time":4.861642218},
{"learn":[566.2851332],"iteration":350,"passed_time":6.82396384,"remaining_time":4.840931613},
{"learn":[566.2552046],"iteration":351,"passed_time":6.845899792,"remaining_time":4.82324758},
{"learn":[566.2215868],"iteration":352,"passed_time":6.864651223,"remaining_time":4.803311196},
{"learn":[566.1671321],"iteration":353,"passed_time":6.882380813,"remaining_time":4.782671412},
{"learn":[566.0561593],"iteration":354,"passed_time":6.900224933,"remaining_time":4.762127066},
{"learn":[566.0362721],"iteration":355,"passed_time":6.919149689,"remaining_time":4.742338551},
{"learn":[565.9892902],"iteration":356,"passed_time":6.935664456,"remaining_time":4.720914462},
{"learn":[565.9387135],"iteration":357,"passed_time":6.95659811,"remaining_time":4.702504868},
{"learn":[565.8943951],"iteration":358,"passed_time":6.972738509,"remaining_time":4.680863456},
{"learn":[565.8421559],"iteration":359,"passed_time":6.991505116,"remaining_time":4.661003411},
{"learn":[565.7446649],"iteration":360,"passed_time":7.013159057,"remaining_time":4.643060982},
{"learn":[565.6942707],"iteration":361,"passed_time":7.030419978,"remaining_time":4.62220982},
{"learn":[565.6489473],"iteration":362,"passed_time":7.05037279,"remaining_time":4.603135954},
{"learn":[565.5957634],"iteration":363,"passed_time":7.069837857,"remaining_time":4.583741028},
{"learn":[565.5638112],"iteration":364,"passed_time":7.092113092,"remaining_time":4.566155005},
{"learn":[565.4738033],"iteration":365,"passed_time":7.116059185,"remaining_time":4.54961161},
{"learn":[565.4112647],"iteration":366,"passed_time":7.136456096,"remaining_time":4.530774579},
{"learn":[565.3567931],"iteration":367,"passed_time":7.157828397,"remaining_time":4.512543989},
{"learn":[565.2840904],"iteration":368,"passed_time":7.179008386,"remaining_time":4.494175981},
{"learn":[565.2125907],"iteration":369,"passed_time":7.202145673,"remaining_time":4.477009473},
{"learn":[565.1941487],"iteration":370,"passed_time":7.221400692,"remaining_time":4.457414443},
{"learn":[565.1204761],"iteration":371,"passed_time":7.243473006,"remaining_time":4.439547971},
{"learn":[565.08599],"iteration":372,"passed_time":7.263814485,"remaining_time":4.420605598},
{"learn":[565.0216725],"iteration":373,"passed_time":7.283792702,"remaining_time":4.401436232},
{"learn":[564.9904623],"iteration":374,"passed_time":7.304505306,"remaining_time":4.382703183},
{"learn":[564.9516941],"iteration":375,"passed_time":7.326265627,"remaining_time":4.364583778},
{"learn":[564.9064549],"iteration":376,"passed_time":7.346709596,"remaining_time":4.345666419},
{"learn":[564.8747908],"iteration":377,"passed_time":7.367880749,"remaining_time":4.327168059},
{"learn":[564.7546705],"iteration":378,"passed_time":7.387807663,"remaining_time":4.307930062},
{"learn":[564.6773233],"iteration":379,"passed_time":7.408451988,"remaining_time":4.289103783},
{"learn":[564.6506951],"iteration":380,"passed_time":7.429242854,"remaining_time":4.270352192},
{"learn":[564.6360014],"iteration":381,"passed_time":7.448160749,"remaining_time":4.250521056},
{"learn":[564.5890243],"iteration":382,"passed_time":7.469454015,"remaining_time":4.232040525},
{"learn":[564.5311186],"iteration":383,"passed_time":7.489269046,"remaining_time":4.212713838},
{"learn":[564.4863496],"iteration":384,"passed_time":7.507903251,"remaining_time":4.192725192},
{"learn":[564.4102774],"iteration":385,"passed_time":7.528074632,"remaining_time":4.17359578},
{"learn":[564.371586],"iteration":386,"passed_time":7.550466406,"remaining_time":4.155683061},
{"learn":[564.3338176],"iteration":387,"passed_time":7.56844963,"remaining_time":4.135338457},
{"learn":[564.2828354],"iteration":388,"passed_time":7.588527376,"remaining_time":4.116142099},
{"learn":[564.238777],"iteration":389,"passed_time":7.609374081,"remaining_time":4.097355275},
{"learn":[564.1821273],"iteration":390,"passed_time":7.62948009,"remaining_time":4.078161992},
{"learn":[564.1444305],"iteration":391,"passed_time":7.650889299,"remaining_time":4.059655546},
{"learn":[564.0997526],"iteration":392,"passed_time":7.671381118,"remaining_time":4.040651123},
{"learn":[564.0101458],"iteration":393,"passed_time":7.691055081,"remaining_time":4.02121154},
{"learn":[563.9585012],"iteration":394,"passed_time":7.710428147,"remaining_time":4.001614608},
{"learn":[563.8876766],"iteration":395,"passed_time":7.733476131,"remaining_time":3.983911946},
{"learn":[563.847449],"iteration":396,"passed_time":7.754238614,"remaining_time":3.965013699},
{"learn":[563.7832066],"iteration":397,"passed_time":7.773958697,"remaining_time":3.945577027},
{"learn":[563.7321422],"iteration":398,"passed_time":7.798983085,"remaining_time":3.928811028},
{"learn":[563.6904074],"iteration":399,"passed_time":7.820905415,"remaining_time":3.910452707},
{"learn":[563.5978487],"iteration":400,"passed_time":7.841779651,"remaining_time":3.891556485},
{"learn":[563.5420702],"iteration":401,"passed_time":7.863972755,"remaining_time":3.873300013},
{"learn":[563.492721],"iteration":402,"passed_time":7.884986104,"remaining_time":3.854447302},
{"learn":[563.4427478],"iteration":403,"passed_time":7.904427159,"remaining_time":3.834821097},
{"learn":[563.4055121],"iteration":404,"passed_time":7.925098809,"remaining_time":3.815788315},
{"learn":[563.3651449],"iteration":405,"passed_time":7.9493362,"remaining_time":3.798451287},
{"learn":[563.3532491],"iteration":406,"passed_time":7.967780449,"remaining_time":3.778333235},
{"learn":[563.320999],"iteration":407,"passed_time":7.986993933,"remaining_time":3.75858538},
{"learn":[563.2849233],"iteration":408,"passed_time":8.006759861,"remaining_time":3.739098126},
{"learn":[563.2313295],"iteration":409,"passed_time":8.027440943,"remaining_time":3.720033608},
{"learn":[563.1981389],"iteration":410,"passed_time":8.048018514,"remaining_time":3.700913623},
{"learn":[563.1321519],"iteration":411,"passed_time":8.066002754,"remaining_time":3.680603199},
{"learn":[563.0851046],"iteration":412,"passed_time":8.086313048,"remaining_time":3.66135724},
{"learn":[563.0458843],"iteration":413,"passed_time":8.105858282,"remaining_time":3.641762417},
{"learn":[563.0057732],"iteration":414,"passed_time":8.12423334,"remaining_time":3.621646188},
{"learn":[562.9655881],"iteration":415,"passed_time":8.143595551,"remaining_time":3.601974955},
{"learn":[562.914657],"iteration":416,"passed_time":8.162823649,"remaining_time":3.58224635},
{"learn":[562.8334006],"iteration":417,"passed_time":8.182953616,"remaining_time":3.562912818},
{"learn":[562.776381],"iteration":418,"passed_time":8.203798932,"remaining_time":3.543884503},
{"learn":[562.7181571],"iteration":419,"passed_time":8.222549812,"remaining_time":3.523949919},
{"learn":[562.7066963],"iteration":420,"passed_time":8.242532069,"remaining_time":3.504544514},
{"learn":[562.6599799],"iteration":421,"passed_time":8.260461964,"remaining_time":3.484270686},
{"learn":[562.5956781],"iteration":422,"passed_time":8.278310405,"remaining_time":3.463973857},
{"learn":[562.5637348],"iteration":423,"passed_time":8.298558995,"remaining_time":3.444684866},
{"learn":[562.5472811],"iteration":424,"passed_time":8.32064813,"remaining_time":3.42614923},
{"learn":[562.515513],"iteration":425,"passed_time":8.341585016,"remaining_time":3.407126274},
{"learn":[562.4623406],"iteration":426,"passed_time":8.361488033,"remaining_time":3.38767548},
{"learn":[562.426918],"iteration":427,"passed_time":8.379503258,"remaining_time":3.367463926},
{"learn":[562.3680656],"iteration":428,"passed_time":8.399148924,"remaining_time":3.347912508},
{"learn":[562.357655],"iteration":429,"passed_time":8.417056175,"remaining_time":3.327673372},
{"learn":[562.2999882],"iteration":430,"passed_time":8.436784744,"remaining_time":3.308159215},
{"learn":[562.2621517],"iteration":431,"passed_time":8.45550746,"remaining_time":3.288252901},
{"learn":[562.2052327],"iteration":432,"passed_time":8.475449752,"remaining_time":3.268822422},
{"learn":[562.1507058],"iteration":433,"passed_time":8.495314006,"remaining_time":3.249359735},
{"learn":[562.1216786],"iteration":434,"passed_time":8.514057081,"remaining_time":3.229469927},
{"learn":[562.1130903],"iteration":435,"passed_time":8.531962573,"remaining_time":3.209270326},
{"learn":[562.0804378],"iteration":436,"passed_time":8.554459195,"remaining_time":3.190793704},
{"learn":[562.0377139],"iteration":437,"passed_time":8.575952325,"remaining_time":3.171927572},
{"learn":[561.9793605],"iteration":438,"passed_time":8.596447758,"remaining_time":3.152683574},
{"learn":[561.9519198],"iteration":439,"passed_time":8.61792264,"remaining_time":3.133790051},
{"learn":[561.9196866],"iteration":440,"passed_time":8.636719765,"remaining_time":3.113919371},
{"learn":[561.8734074],"iteration":441,"passed_time":8.656031865,"remaining_time":3.094237635},
{"learn":[561.8390922],"iteration":442,"passed_time":8.676533958,"remaining_time":3.074979303},
{"learn":[561.7954694],"iteration":443,"passed_time":8.694660566,"remaining_time":3.054880739},
{"learn":[561.7518543],"iteration":444,"passed_time":8.714011299,"remaining_time":3.035217419},
{"learn":[561.6605056],"iteration":445,"passed_time":8.731456552,"remaining_time":3.014897554},
{"learn":[561.5988609],"iteration":446,"passed_time":8.750056534,"remaining_time":2.994985794},
{"learn":[561.5451458],"iteration":447,"passed_time":8.766623011,"remaining_time":2.97438995},
{"learn":[561.4597084],"iteration":448,"passed_time":8.783686008,"remaining_time":2.953979036},
{"learn":[561.4013348],"iteration":449,"passed_time":8.800705625,"remaining_time":2.933568542},
{"learn":[561.3631138],"iteration":450,"passed_time":8.817000801,"remaining_time":2.912933746},
{"learn":[561.3339641],"iteration":451,"passed_time":8.834841903,"remaining_time":2.89282434},
{"learn":[561.3233442],"iteration":452,"passed_time":8.850685365,"remaining_time":2.872076708},
{"learn":[561.2760683],"iteration":453,"passed_time":8.867967598,"remaining_time":2.851813368},
{"learn":[561.2223827],"iteration":454,"passed_time":8.884883797,"remaining_time":2.831446485},
{"learn":[561.1778218],"iteration":455,"passed_time":8.901803937,"remaining_time":2.81109598},
{"learn":[561.1238533],"iteration":456,"passed_time":8.918914272,"remaining_time":2.790820002},
{"learn":[561.0907226],"iteration":457,"passed_time":8.934383286,"remaining_time":2.770048967},
{"learn":[561.0512998],"iteration":458,"passed_time":8.951111816,"remaining_time":2.749687944},
{"learn":[561.0142877],"iteration":459,"passed_time":8.966038184,"remaining_time":2.72879423},
{"learn":[560.9709463],"iteration":460,"passed_time":8.981711749,"remaining_time":2.708151699},
{"learn":[560.9096724],"iteration":461,"passed_time":8.998550257,"remaining_time":2.687878648},
{"learn":[560.875247],"iteration":462,"passed_time":9.014848807,"remaining_time":2.667460662},
{"learn":[560.8249434],"iteration":463,"passed_time":9.029288733,"remaining_time":2.646515663},
{"learn":[560.7196954],"iteration":464,"passed_time":9.043074757,"remaining_time":2.6254088},
{"learn":[560.6885632],"iteration":465,"passed_time":9.058577557,"remaining_time":2.604827023},
{"learn":[560.6617242],"iteration":466,"passed_time":9.074623425,"remaining_time":2.584421661},
{"learn":[560.6041181],"iteration":467,"passed_time":9.09009887,"remaining_time":2.56387404},
{"learn":[560.5752943],"iteration":468,"passed_time":9.106591684,"remaining_time":2.543632219},
{"learn":[560.5253521],"iteration":469,"passed_time":9.122391928,"remaining_time":2.523214789},
{"learn":[560.4891975],"iteration":470,"passed_time":9.137449937,"remaining_time":2.502613677},
{"learn":[560.4460578],"iteration":471,"passed_time":9.154170803,"remaining_time":2.482486998},
{"learn":[560.4010025],"iteration":472,"passed_time":9.170110637,"remaining_time":2.462165013},
{"learn":[560.3271055],"iteration":473,"passed_time":9.185136023,"remaining_time":2.441618436},
{"learn":[560.2879477],"iteration":474,"passed_time":9.201232602,"remaining_time":2.421377001},
{"learn":[560.241838],"iteration":475,"passed_time":9.214254383,"remaining_time":2.400351982},
{"learn":[560.1964262],"iteration":476,"passed_time":9.229310958,"remaining_time":2.379885216},
{"learn":[560.156917],"iteration":477,"passed_time":9.243628607,"remaining_time":2.35925249},
{"learn":[560.1225492],"iteration":478,"passed_time":9.258355186,"remaining_time":2.338749431},
{"learn":[560.080117],"iteration":479,"passed_time":9.274935395,"remaining_time":2.318733849},
{"learn":[560.0303657],"iteration":480,"passed_time":9.289092173,"remaining_time":2.298132991},
{"learn":[559.9960169],"iteration":481,"passed_time":9.302930767,"remaining_time":2.277480976},
{"learn":[559.9507635],"iteration":482,"passed_time":9.318381152,"remaining_time":2.257247608},
{"learn":[559.917941],"iteration":483,"passed_time":9.332558615,"remaining_time":2.236728924},
{"learn":[559.8788018],"iteration":484,"passed_time":9.346497996,"remaining_time":2.216179937},
{"learn":[559.8435762],"iteration":485,"passed_time":9.360157551,"remaining_time":2.195592512},
{"learn":[559.7951855],"iteration":486,"passed_time":9.376079847,"remaining_time":2.175558568},
{"learn":[559.7261453],"iteration":487,"passed_time":9.390527087,"remaining_time":2.155202938},
{"learn":[559.6857594],"iteration":488,"passed_time":9.405028155,"remaining_time":2.134883692},
{"learn":[559.6426258],"iteration":489,"passed_time":9.419848334,"remaining_time":2.11465983},
{"learn":[559.5687852],"iteration":490,"passed_time":9.434937558,"remaining_time":2.094517706},
{"learn":[559.5207262],"iteration":491,"passed_time":9.450912084,"remaining_time":2.074590458},
{"learn":[559.4748392],"iteration":492,"passed_time":9.465335872,"remaining_time":2.054342674},
{"learn":[559.452006],"iteration":493,"passed_time":9.477589937,"remaining_time":2.033652902},
{"learn":[559.3636346],"iteration":494,"passed_time":9.491700534,"remaining_time":2.013391022},
{"learn":[559.3181136],"iteration":495,"passed_time":9.504698884,"remaining_time":1.992920734},
{"learn":[559.2910403],"iteration":496,"passed_time":9.518602986,"remaining_time":1.972668224},
{"learn":[559.2511108],"iteration":497,"passed_time":9.532500382,"remaining_time":1.952439837},
{"learn":[559.1980155],"iteration":498,"passed_time":9.546031138,"remaining_time":1.932162615},
{"learn":[559.1288225],"iteration":499,"passed_time":9.559019033,"remaining_time":1.911803807},
{"learn":[559.0922722],"iteration":500,"passed_time":9.573226773,"remaining_time":1.89171547},
{"learn":[559.0504907],"iteration":501,"passed_time":9.588030376,"remaining_time":1.871766886},
{"learn":[558.9865777],"iteration":502,"passed_time":9.600400324,"remaining_time":1.851369446},
{"learn":[558.9527713],"iteration":503,"passed_time":9.614398321,"remaining_time":1.831313966},
{"learn":[558.9043098],"iteration":504,"passed_time":9.628871312,"remaining_time":1.811371831},
{"learn":[558.8498697],"iteration":505,"passed_time":9.641133206,"remaining_time":1.791040556},
{"learn":[558.8029693],"iteration":506,"passed_time":9.657115616,"remaining_time":1.771423575},
{"learn":[558.7702583],"iteration":507,"passed_time":9.670561199,"remaining_time":1.751361477},
{"learn":[558.723705],"iteration":508,"passed_time":9.683990222,"remaining_time":1.731322417},
{"learn":[558.6840324],"iteration":509,"passed_time":9.698552923,"remaining_time":1.711509339},
{"learn":[558.6641893],"iteration":510,"passed_time":9.713619742,"remaining_time":1.691804613},
{"learn":[558.6253178],"iteration":511,"passed_time":9.726322608,"remaining_time":1.671711698},
{"learn":[558.5874916],"iteration":512,"passed_time":9.740869126,"remaining_time":1.651960261},
{"learn":[558.5804627],"iteration":513,"passed_time":9.754479263,"remaining_time":1.632072406},
{"learn":[558.5377239],"iteration":514,"passed_time":9.768442176,"remaining_time":1.612267155},
{"learn":[558.4895515],"iteration":515,"passed_time":9.783287414,"remaining_time":1.592628184},
{"learn":[558.4566228],"iteration":516,"passed_time":9.797369082,"remaining_time":1.572885172},
{"learn":[558.4145869],"iteration":517,"passed_time":9.811563881,"remaining_time":1.553181927},
{"learn":[558.3723708],"iteration":518,"passed_time":9.825115177,"remaining_time":1.533399478},
{"learn":[558.2978695],"iteration":519,"passed_time":9.840219557,"remaining_time":1.513879932},
{"learn":[558.2910788],"iteration":520,"passed_time":9.855656945,"remaining_time":1.494427829},
{"learn":[558.2477239],"iteration":521,"passed_time":9.870827996,"remaining_time":1.47495131},
{"learn":[558.1940759],"iteration":522,"passed_time":9.884342518,"remaining_time":1.455247369},
{"learn":[558.1739849],"iteration":523,"passed_time":9.896898261,"remaining_time":1.435427992},
{"learn":[558.1338911],"iteration":524,"passed_time":9.911430951,"remaining_time":1.415918707},
{"learn":[558.0922677],"iteration":525,"passed_time":9.924251374,"remaining_time":1.396187456},
{"learn":[558.0419719],"iteration":526,"passed_time":9.937467496,"remaining_time":1.376537243},
{"learn":[557.9985116],"iteration":527,"passed_time":9.952747778,"remaining_time":1.357192879},
{"learn":[557.9530948],"iteration":528,"passed_time":9.965737612,"remaining_time":1.337556466},
{"learn":[557.9239518],"iteration":529,"passed_time":9.980026141,"remaining_time":1.31811666},
{"learn":[557.8492998],"iteration":530,"passed_time":9.994161297,"remaining_time":1.298676327},
{"learn":[557.8083999],"iteration":531,"passed_time":10.00729529,"remaining_time":1.27912797},
{"learn":[557.7760484],"iteration":532,"passed_time":10.02080128,"remaining_time":1.259650443},
{"learn":[557.7684974],"iteration":533,"passed_time":10.03445413,"remaining_time":1.240213432},
{"learn":[557.7619468],"iteration":534,"passed_time":10.04853272,"remaining_time":1.22084977},
{"learn":[557.7004257],"iteration":535,"passed_time":10.06423763,"remaining_time":1.201700015},
{"learn":[557.6486735],"iteration":536,"passed_time":10.07942621,"remaining_time":1.182502516},
{"learn":[557.626508],"iteration":537,"passed_time":10.09127406,"remaining_time":1.162934929},
{"learn":[557.5956204],"iteration":538,"passed_time":10.10506413,"remaining_time":1.143615792},
{"learn":[557.5654328],"iteration":539,"passed_time":10.11916659,"remaining_time":1.124351843},
{"learn":[557.5586874],"iteration":540,"passed_time":10.13248509,"remaining_time":1.105021479},
{"learn":[557.5262248],"iteration":541,"passed_time":10.14495291,"remaining_time":1.085622267},
{"learn":[557.5198654],"iteration":542,"passed_time":10.16027227,"remaining_time":1.066547918},
{"learn":[557.5137084],"iteration":543,"passed_time":10.17659057,"remaining_time":1.047590206},
{"learn":[557.5081901],"iteration":544,"passed_time":10.19190363,"remaining_time":1.028540733},
{"learn":[557.4700211],"iteration":545,"passed_time":10.20538118,"remaining_time":1.009323413},
{"learn":[557.4438271],"iteration":546,"passed_time":10.22049917,"remaining_time":0.9902860258},
{"learn":[557.4321949],"iteration":547,"passed_time":10.23492618,"remaining_time":0.9711973744},
{"learn":[557.3919825],"iteration":548,"passed_time":10.24924795,"remaining_time":0.9521159298},
{"learn":[557.3790314],"iteration":549,"passed_time":10.26374173,"remaining_time":0.9330674301},
{"learn":[557.3194753],"iteration":550,"passed_time":10.27590318,"remaining_time":0.9138280504},
{"learn":[557.3136365],"iteration":551,"passed_time":10.28994948,"remaining_time":0.8947782158},
{"learn":[557.2620632],"iteration":552,"passed_time":10.30361839,"remaining_time":0.875714402},
{"learn":[557.2322824],"iteration":553,"passed_time":10.31685447,"remaining_time":0.856634126},
{"learn":[557.2043103],"iteration":554,"passed_time":10.33190293,"remaining_time":0.8377218588},
{"learn":[557.1558035],"iteration":555,"passed_time":10.34594766,"remaining_time":0.8187440594},
{"learn":[557.116726],"iteration":556,"passed_time":10.36074485,"remaining_time":0.7998420619},
{"learn":[557.1057667],"iteration":557,"passed_time":10.3764766,"remaining_time":0.7810251202},
{"learn":[557.0973126],"iteration":558,"passed_time":10.39118238,"remaining_time":0.7621439672},
{"learn":[557.0719186],"iteration":559,"passed_time":10.40473601,"remaining_time":0.7431954295},
{"learn":[557.0485454],"iteration":560,"passed_time":10.41939095,"remaining_time":0.7243426864},
{"learn":[557.0382409],"iteration":561,"passed_time":10.43449357,"remaining_time":0.7055351525},
{"learn":[557.0329507],"iteration":562,"passed_time":10.44935349,"remaining_time":0.68672483},
{"learn":[557.0187437],"iteration":563,"passed_time":10.46476791,"remaining_time":0.6679639091},
{"learn":[556.9851833],"iteration":564,"passed_time":10.47927585,"remaining_time":0.6491586809},
{"learn":[556.9195077],"iteration":565,"passed_time":10.4931781,"remaining_time":0.6303322531},
{"learn":[556.878009],"iteration":566,"passed_time":10.50875088,"remaining_time":0.6116204215},
{"learn":[556.8325693],"iteration":567,"passed_time":10.52440245,"remaining_time":0.5929240818},
{"learn":[556.8095689],"iteration":568,"passed_time":10.53827918,"remaining_time":0.5741417478},
{"learn":[556.7812357],"iteration":569,"passed_time":10.55331772,"remaining_time":0.5554377747},
{"learn":[556.73265],"iteration":570,"passed_time":10.56667902,"remaining_time":0.5366614566},
{"learn":[556.6912174],"iteration":571,"passed_time":10.58214149,"remaining_time":0.5180069262},
{"learn":[556.673083],"iteration":572,"passed_time":10.59919682,"remaining_time":0.4994385937},
{"learn":[556.6350399],"iteration":573,"passed_time":10.61439648,"remaining_time":0.480791478},
{"learn":[556.6084822],"iteration":574,"passed_time":10.62985808,"remaining_time":0.4621677427},
{"learn":[556.5698953],"iteration":575,"passed_time":10.64501875,"remaining_time":0.4435424478},
{"learn":[556.5395446],"iteration":576,"passed_time":10.6591553,"remaining_time":0.4248883394},
{"learn":[556.5052164],"iteration":577,"passed_time":10.67383439,"remaining_time":0.406270513},
{"learn":[556.4792098],"iteration":578,"passed_time":10.68937655,"remaining_time":0.3876975949},
{"learn":[556.377775],"iteration":579,"passed_time":10.70180986,"remaining_time":0.3690279263},
{"learn":[556.3479715],"iteration":580,"passed_time":10.71681009,"remaining_time":0.3504636691},
{"learn":[556.3314004],"iteration":581,"passed_time":10.73217011,"remaining_time":0.3319227869},
{"learn":[556.3046233],"iteration":582,"passed_time":10.74582941,"remaining_time":0.3133432248},
{"learn":[556.2584596],"iteration":583,"passed_time":10.76055227,"remaining_time":0.2948096514},
{"learn":[556.2534054],"iteration":584,"passed_time":10.77541084,"remaining_time":0.2762925857},
{"learn":[556.2267278],"iteration":585,"passed_time":10.78918542,"remaining_time":0.2577621091},
{"learn":[556.2055103],"iteration":586,"passed_time":10.80402414,"remaining_time":0.2392714035},
{"learn":[556.1527189],"iteration":587,"passed_time":10.81771303,"remaining_time":0.2207696537},
{"learn":[556.0865147],"iteration":588,"passed_time":10.831616,"remaining_time":0.2022882445},
{"learn":[556.0584488],"iteration":589,"passed_time":10.84466109,"remaining_time":0.183807815},
{"learn":[556.0221918],"iteration":590,"passed_time":10.85919669,"remaining_time":0.1653684775},
{"learn":[555.9834585],"iteration":591,"passed_time":10.87336178,"remaining_time":0.1469373213},
{"learn":[555.9620002],"iteration":592,"passed_time":10.88698154,"remaining_time":0.128514116},
{"learn":[555.9432949],"iteration":593,"passed_time":10.90187395,"remaining_time":0.1101199389},
{"learn":[555.9196949],"iteration":594,"passed_time":10.91722624,"remaining_time":0.09174139694},
{"learn":[555.8832579],"iteration":595,"passed_time":10.93171352,"remaining_time":0.07336720484},
{"learn":[555.8401949],"iteration":596,"passed_time":10.94683364,"remaining_time":0.05500921427},
{"learn":[555.8196461],"iteration":597,"passed_time":10.96014351,"remaining_time":0.03665599835},
{"learn":[555.7848789],"iteration":598,"passed_time":10.9745005,"remaining_time":0.01832136978},
{"learn":[555.7680851],"iteration":599,"passed_time":10.98910471,"remaining_time":0}
]}